SMILES,MaxSim,MolWt,LogP,TPSA,HDonors,HAcceptors,RotB,NumRings,Absorption,Distribution,Metabolism,Excretion,ToxicityFlag,LogP_deepchem,TPSA_deepchem,Absorption_deepchem,Distribution_deepchem,ToxicityFlag_deepchem,Lipinski
C[C@]12C(=O)CC=CC1=CC[C@@H]1[C@@H]2CC[C@]2(O)C(=O)O[C@@]3(C)[C@H]4C[C@]5(C)[C@@H](CO[C@@]16O[C@@]32[C@H]5C6=O)C(=O)O4.[4*]CC(C)C,0.8947368421052632,567.6550000000004,3.1670000000000016,125.42999999999999,1,9,1,8,True,False,True,True,True,,,,,,False
C[C@]12C(=O)CC=CC1=CC[C@@H]1[C@@H]2CC[C@]2(O)C(=O)O[C@@]3(C)[C@H]4C[C@]5(C)[C@@H](CO[C@@]16O[C@@]32[C@H]5C6=O)C(=O)O4.[16*]c1ccccc1[16*],0.8947368421052632,586.6370000000004,1.5928,125.42999999999999,1,9,0,9,True,False,True,True,True,,,,,,False
C[C@]12C(=O)CC=CC1=CC[C@@H]1[C@@H]2CC[C@]2(O)C(=O)O[C@@]3(C)[C@H]4C[C@]5(C)[C@@H](CO[C@@]16O[C@@]32[C@H]5C6=O)C(=O)O4.[8*]CC(C)C,0.8947368421052632,567.6550000000003,3.1670000000000016,125.42999999999999,1,9,1,8,True,False,True,True,True,,,,,,False
C[C@]12C(=O)CC=CC1=CC[C@@H]1[C@@H]2CC[C@]2(O)C(=O)O[C@@]3(C)[C@H]4C[C@]5(C)[C@@H](CO[C@@]16O[C@@]32[C@H]5C6=O)C(=O)O4.[4*]CC(C)(C)C,0.8947368421052632,581.6820000000004,3.557100000000002,125.42999999999999,1,9,0,8,True,False,True,True,True,,,,,,False
C[C@]12C(=O)CC=CC1=CC[C@@H]1[C@@H]2CC[C@]2(O)C(=O)O[C@@]3(C)[C@H]4C[C@]5(C)[C@@H](CO[C@@]16O[C@@]32[C@H]5C6=O)C(=O)O4.[3*]O[3*]C,0.8947368421052632,541.5730000000003,2.0723999999999996,134.66,1,10,1,8,True,False,True,True,True,,,,,,False
CC1=C2C[C@H]3[C@@H](CC=C4C[C@@H](O)CC[C@@]43C)[C@@H]2CC[C@]12O[C@@H]1C[C@H](C)CN[C@H]1[C@H]2C.[6*]C(N)=O,0.8939393939393939,455.66300000000024,4.616300000000004,84.58000000000001,3,4,0,6,True,True,True,True,True,,,,,,True
CC1=C2C[C@H]3[C@@H](CC=C4C[C@@H](O)CC[C@@]43C)[C@@H]2CC[C@]12O[C@@H]1C[C@H](C)CN[C@H]1[C@H]2C.[11*]S[11*].[8*]C[8*],0.8939393939393939,457.7240000000002,6.110900000000005,41.49,2,4,0,6,False,False,True,False,True,,,,,,True
CC1=C2C[C@H]3[C@@H](CC=C4C[C@@H](O)CC[C@@]43C)[C@@H]2CC[C@]12O[C@@H]1C[C@H](C)CN[C@H]1[C@H]2C.[5*]N([5*])[5*]C,0.8939393939393939,440.67200000000025,5.267000000000005,44.730000000000004,2,4,1,6,False,False,True,False,True,,,,,,True
CC1=C2C[C@H]3[C@@H](CC=C4C[C@@H](O)CC[C@@]43C)[C@@H]2CC[C@]12O[C@@H]1C[C@H](C)CN[C@H]1[C@H]2C.C[11*]SC,0.8939393939393939,473.7670000000002,6.399400000000006,41.49,2,4,1,6,False,False,True,False,True,,,,,,True
CC1=C2C[C@H]3[C@@H](CC=C4C[C@@H](O)CC[C@@]43C)[C@@H]2CC[C@]12O[C@@H]1C[C@H](C)CN[C@H]1[C@H]2C.[8*]C(C)C(C)C,0.8939393939393939,482.7730000000003,7.002000000000007,41.49,2,3,1,6,False,False,True,False,True,,,,,,True
Cc1ccc(C2=C(CC(=O)O)C(=O)CC2)cc1.[4*]CC[4*],0.8857142857142857,258.317,3.5078200000000015,54.37,1,2,4,2,True,True,True,False,False,,,,,,True
Cc1ccc(C2=C(CC(=O)O)C(=O)CC2)cc1.[3*]O[3*],0.8857142857142857,246.26199999999997,2.5178200000000013,63.599999999999994,1,3,3,2,True,True,True,False,False,,,,,,True
Cc1ccc(C2=C(CC(=O)O)C(=O)CC2)cc1.[4*]CC[8*],0.8857142857142857,258.3169999999999,3.5078200000000024,54.37,1,2,4,2,True,True,True,False,False,,,,,,True
Cc1ccc(C2=C(CC(=O)O)C(=O)CC2)cc1.[11*]S[11*],0.8857142857142857,262.3299999999999,3.234420000000001,54.37,1,3,3,2,True,True,True,False,False,,,,,,True
Cc1ccc(C2=C(CC(=O)O)C(=O)CC2)cc1.[5*]N([5*])[5*],0.8857142857142857,244.26999999999995,2.26752,57.61000000000001,1,3,3,2,True,True,True,False,False,,,,,,True
C[C@]12C(=O)CC=CC1=CC[C@@H]1[C@@H]2CC[C@]2(O)C(=O)O[C@@]3(C)[C@H]4C[C@]5(C)[C@@H](CO[C@@]16O[C@@]32[C@H]5C6=O)C(=O)O4.[1*]C(=O)C[4*].[4*]CC[8*],0.8831168831168831,580.6300000000003,2.5085000000000006,142.5,1,10,2,8,False,False,True,True,True,,,,,,False
C[C@]12C(=O)CC=CC1=CC[C@@H]1[C@@H]2CC[C@]2(O)C(=O)O[C@@]3(C)[C@H]4C[C@]5(C)[C@@H](CO[C@@]16O[C@@]32[C@H]5C6=O)C(=O)O4.[1*]C(=O)C([8*])C,0.8831168831168831,566.6030000000004,1.9769999999999996,142.5,1,10,1,8,False,False,True,True,True,,,,,,False
C[C@]12C(=O)CC=CC1=CC[C@@H]1[C@@H]2CC[C@]2(O)C(=O)O[C@@]3(C)[C@H]4C[C@]5(C)[C@@H](CO[C@@]16O[C@@]32[C@H]5C6=O)C(=O)O4.[4*]C([4*])C(Cl)(Cl)Cl,0.8831168831168831,641.9280000000003,3.758200000000002,125.42999999999999,1,9,0,8,True,False,True,True,True,,,,,,False
C[C@]12C(=O)CC=CC1=CC[C@@H]1[C@@H]2CC[C@]2(O)C(=O)O[C@@]3(C)[C@H]4C[C@]5(C)[C@@H](CO[C@@]16O[C@@]32[C@H]5C6=O)C(=O)O4.[5*]N1CC([15*])C1,0.8831168831168831,565.6190000000004,1.6610999999999998,128.67,1,10,0,9,True,False,True,True,True,,,,,,False
C[C@]12C(=O)CC=CC1=CC[C@@H]1[C@@H]2CC[C@]2(O)C(=O)O[C@@]3(C)[C@H]4C[C@]5(C)[C@@H](CO[C@@]16O[C@@]32[C@H]5C6=O)C(=O)O4.[1*]C(=O)[C@H]([8*])C,0.8831168831168831,566.6030000000004,1.9769999999999996,142.5,1,10,1,8,False,False,True,True,True,,,,,,False
C[C@]12C(=O)CC=CC1=CC[C@@H]1[C@@H]2CC[C@]2(O)C(=O)O[C@@]3(C)[C@H]4C[C@]5(C)[C@@H](CO[C@@]16O[C@@]32[C@H]5C6=O)C(=O)O4.[16*]c1ccc([16*])cc1.[6*]C([6*])=O,0.8831168831168831,614.6470000000004,1.7977999999999996,142.5,1,10,0,9,False,False,True,True,True,,,,,,False
C[C@]12C(=O)CC=CC1=CC[C@@H]1[C@@H]2CC[C@]2(O)C(=O)O[C@@]3(C)[C@H]4C[C@]5(C)[C@@H](CO[C@@]16O[C@@]32[C@H]5C6=O)C(=O)O4.[4*]CCCCC[4*].[4*]CC[4*],0.8831168831168831,608.728,4.570500000000004,125.42999999999999,1,9,5,8,True,False,True,True,True,,,,,,False
C[15*]C1CCCC1.C[C@]12C(=O)CC=CC1=CC[C@@H]1[C@@H]2CC[C@]2(O)C(=O)O[C@@]3(C)[C@H]4C[C@]5(C)[C@@H](CO[C@@]16O[C@@]32[C@H]5C6=O)C(=O)O4,0.8831168831168831,594.7010000000004,4.039000000000002,125.42999999999999,1,9,1,9,True,False,True,True,True,,,,,,False
C[C@]12C(=O)CC=CC1=CC[C@@H]1[C@@H]2CC[C@]2(O)C(=O)O[C@@]3(C)[C@H]4C[C@]5(C)[C@@H](CO[C@@]16O[C@@]32[C@H]5C6=O)C(=O)O4.[1*]C(=O)C([8*])(C)C,0.8831168831168831,580.6300000000003,2.3670999999999998,142.5,1,10,1,8,False,False,True,True,True,,,,,,False
C[C@]12C(=O)CC=CC1=CC[C@@H]1[C@@H]2CC[C@]2(O)C(=O)O[C@@]3(C)[C@H]4C[C@]5(C)[C@@H](CO[C@@]16O[C@@]32[C@H]5C6=O)C(=O)O4.[4*]C([4*])(C)C(Cl)(Cl)Cl,0.8831168831168831,655.9550000000004,4.1483000000000025,125.42999999999999,1,9,0,8,True,False,True,True,True,,,,,,False
C[C@]12C(=O)CC=CC1=CC[C@@H]1[C@@H]2CC[C@]2(O)C(=O)O[C@@]3(C)[C@H]4C[C@]5(C)[C@@H](CO[C@@]16O[C@@]32[C@H]5C6=O)C(=O)O4.[4*]C([4*])C(F)(F)F,0.8831168831168831,592.5630000000006,2.9503000000000013,125.42999999999999,1,9,0,8,True,False,True,True,True,,,,,,False
C[C@]12C(=O)CC=CC1=CC[C@@H]1[C@@H]2CC[C@]2(O)C(=O)O[C@@]3(C)[C@H]4C[C@]5(C)[C@@H](CO[C@@]16O[C@@]32[C@H]5C6=O)C(=O)O4.[1*]C(=O)C([4*])C,0.8831168831168831,566.6030000000004,1.9769999999999996,142.5,1,10,1,8,False,False,True,True,True,,,,,,False
CC1=C2C[C@H]3[C@@H](CC=C4C[C@@H](O)CC[C@@]43C)[C@@H]2CC[C@]12O[C@@H]1C[C@H](C)CN[C@H]1[C@H]2C.[1*]C(=O)C[4*],0.8805970149253731,453.66700000000026,5.031800000000004,58.56,2,4,1,6,False,False,True,False,True,,,,,,True
CC1=C2C[C@H]3[C@@H](CC=C4C[C@@H](O)CC[C@@]43C)[C@@H]2CC[C@]12O[C@@H]1C[C@H](C)CN[C@H]1[C@H]2C.[1*]C(=O)C[8*],0.8805970149253731,453.66700000000026,5.031800000000004,58.56,2,4,1,6,False,False,True,False,True,,,,,,True
CC1=C2C[C@H]3[C@@H](CC=C4C[C@@H](O)CC[C@@]43C)[C@@H]2CC[C@]12O[C@@H]1C[C@H](C)CN[C@H]1[C@H]2C.[8*]CC(C)C,0.8805970149253731,468.74600000000027,6.6119000000000065,41.49,2,3,1,6,False,False,True,False,True,,,,,,True
CC1=C2C[C@H]3[C@@H](CC=C4C[C@@H](O)CC[C@@]43C)[C@@H]2CC[C@]12O[C@@H]1C[C@H](C)CN[C@H]1[C@H]2C.[1*]C(=S)C[4*],0.8805970149253731,469.73500000000024,5.832600000000006,41.49,2,4,1,6,False,False,True,False,True,,,,,,True
CC1=C2C[C@H]3[C@@H](CC=C4C[C@@H](O)CC[C@@]43C)[C@@H]2CC[C@]12O[C@@H]1C[C@H](C)CN[C@H]1[C@H]2C.[1*]C(=S)C[8*],0.8805970149253731,469.73500000000024,5.832600000000006,41.49,2,4,1,6,False,False,True,False,True,,,,,,True
CC1=C2C[C@H]3[C@@H](CC=C4C[C@@H](O)CC[C@@]43C)[C@@H]2CC[C@]12O[C@@H]1C[C@H](C)CN[C@H]1[C@H]2C.[11*]SCC,0.8805970149253731,472.75900000000024,6.205700000000006,41.49,2,4,1,6,False,False,True,False,True,,,,,,True
CC1=C2C[C@H]3[C@@H](CC=C4C[C@@H](O)CC[C@@]43C)[C@@H]2CC[C@]12O[C@@H]1C[C@H](C)CN[C@H]1[C@H]2C.[8*]C[4*]C,0.8805970149253731,440.69200000000023,6.046500000000006,41.49,2,3,1,6,False,False,True,False,True,,,,,,True
CC1=C2C[C@H]3[C@@H](CC=C4C[C@@H](O)CC[C@@]43C)[C@@H]2CC[C@]12O[C@@H]1C[C@H](C)CN[C@H]1[C@H]2C.[4*]C[8*]C,0.8805970149253731,440.69200000000023,6.046500000000006,41.49,2,3,1,6,False,False,True,False,True,,,,,,True
CC1=C2C[C@H]3[C@@H](CC=C4C[C@@H](O)CC[C@@]43C)[C@@H]2CC[C@]12O[C@@H]1C[C@H](C)CN[C@H]1[C@H]2C.[8*]CC(C)(C)C,0.8805970149253731,482.7730000000003,7.002000000000007,41.49,2,3,0,6,False,False,True,False,True,,,,,,True
CC1=C2C[C@H]3[C@@H](CC=C4C[C@@H](O)CC[C@@]43C)[C@@H]2CC[C@]12O[C@@H]1C[C@H](C)CN[C@H]1[C@H]2C.C[6*]C(N)=O,0.8805970149253731,470.69800000000026,5.200100000000005,84.58000000000001,3,4,1,6,False,False,True,True,True,,,,,,True
CC1=C2C[C@H]3[C@@H](CC=C4C[C@@H](O)CC[C@@]43C)[C@@H]2CC[C@]12O[C@@H]1C[C@H](C)CN[C@H]1[C@H]2C.[11*]SC.[11*]S[11*].[5*]N([5*])[5*],0.8805970149253731,504.8060000000003,6.1451000000000064,44.730000000000004,2,6,0,6,False,False,True,False,True,,,,,,False
C[C@]12C(=O)CC=CC1=CC[C@@H]1[C@@H]2CC[C@]2(O)C(=O)O[C@@]3(C)[C@H]4C[C@]5(C)[C@@H](CO[C@@]16O[C@@]32[C@H]5C6=O)C(=O)O4.[16*]c1ccc([16*])cc1.[4*]CC,0.8717948717948718,615.6990000000003,2.5667,125.42999999999999,1,9,0,9,True,False,True,True,True,,,,,,False
C[C@]12C(=O)CC=CC1=CC[C@@H]1[C@@H]2CC[C@]2(O)C(=O)O[C@@]3(C)[C@H]4C[C@]5(C)[C@@H](CO[C@@]16O[C@@]32[C@H]5C6=O)C(=O)O4.[1*]C(C)=O.[8*]C(C)C(C)C,0.8717948717948718,624.7270000000003,3.639300000000002,142.5,1,10,1,8,False,False,True,True,True,,,,,,False
C[C@]12C(=O)CC=CC1=CC[C@@H]1[C@@H]2CC[C@]2(O)C(=O)O[C@@]3(C)[C@H]4C[C@]5(C)[C@@H](CO[C@@]16O[C@@]32[C@H]5C6=O)C(=O)O4.[1*]C(=O)C([8*])C.[4*]C([8*])C,0.8717948717948718,594.6570000000004,2.8279000000000005,142.5,1,10,1,8,False,False,True,True,True,,,,,,False
CC1=C2C[C@H]3[C@@H](CC=C4C[C@@H](O)CC[C@@]43C)[C@@H]2CC[C@]12O[C@@H]1C[C@H](C)CN[C@H]1[C@H]2C.[13*][C@@H]1C[C@@H]([15*])CN1,0.8676470588235294,480.73700000000025,5.194800000000004,53.52,3,4,0,7,False,False,True,False,True,,,,,,True
CC1=C2C[C@H]3[C@@H](CC=C4C[C@@H](O)CC[C@@]43C)[C@@H]2CC[C@]12O[C@@H]1C[C@H](C)CN[C@H]1[C@H]2C.[14*]c1ccc([14*])s1,0.8676470588235294,493.7570000000004,5.099200000000005,41.49,2,4,0,7,False,False,True,False,True,,,,,,True
CC1=C2C[C@H]3[C@@H](CC=C4C[C@@H](O)CC[C@@]43C)[C@@H]2CC[C@]12O[C@@H]1C[C@H](C)CN[C@H]1[C@H]2C.[16*]c1ccccc1,0.8676470588235294,488.7360000000002,5.8631000000000055,41.49,2,3,0,7,False,False,True,False,True,,,,,,True
CC1=C2C[C@H]3[C@@H](CC=C4C[C@@H](O)CC[C@@]43C)[C@@H]2CC[C@]12O[C@@H]1C[C@H](C)CN[C@H]1[C@H]2C.[1*]C(=O)C([4*])C,0.8676470588235294,467.69400000000024,5.421900000000005,58.56,2,4,1,6,False,False,True,False,True,,,,,,True
CC1=C2C[C@H]3[C@@H](CC=C4C[C@@H](O)CC[C@@]43C)[C@@H]2CC[C@]12O[C@@H]1C[C@H](C)CN[C@H]1[C@H]2C.[1*]C(=O)C([8*])C,0.8676470588235294,467.69400000000024,5.421900000000005,58.56,2,4,1,6,False,False,True,False,True,,,,,,True
CC1=C2C[C@H]3[C@@H](CC=C4C[C@@H](O)CC[C@@]43C)[C@@H]2CC[C@]12O[C@@H]1C[C@H](C)CN[C@H]1[C@H]2C.[4*]C([4*])C(F)(F)F,0.8676470588235294,493.65400000000017,6.395200000000006,41.49,2,3,0,6,False,False,True,False,True,,,,,,True
CC1=C2C[C@H]3[C@@H](CC=C4C[C@@H](O)CC[C@@]43C)[C@@H]2CC[C@]12O[C@@H]1C[C@H](C)CN[C@H]1[C@H]2C.[4*]CC([4*])C,0.8676470588235294,453.71100000000024,6.313600000000006,41.49,2,3,1,6,False,False,True,False,True,,,,,,True
CC1=C2C[C@H]3[C@@H](CC=C4C[C@@H](O)CC[C@@]43C)[C@@H]2CC[C@]12O[C@@H]1C[C@H](C)CN[C@H]1[C@H]2C.[6*]C(=O)NC,0.8676470588235294,469.6900000000003,4.877000000000004,70.59,3,4,0,6,True,True,True,False,True,,,,,,True
CC1=C2C[C@H]3[C@@H](CC=C4C[C@@H](O)CC[C@@]43C)[C@@H]2CC[C@]12O[C@@H]1C[C@H](C)CN[C@H]1[C@H]2C.[4*]C([4*])C(Cl)(Cl)Cl,0.8676470588235294,543.0190000000001,7.203100000000008,41.49,2,3,0,6,False,False,True,False,True,,,,,,False
CC1=C2C[C@H]3[C@@H](CC=C4C[C@@H](O)CC[C@@]43C)[C@@H]2CC[C@]12O[C@@H]1C[C@H](C)CN[C@H]1[C@H]2C.[16*]c1ccc(O)cc1,0.8676470588235294,504.73500000000035,5.568700000000004,61.72,3,4,0,7,False,False,True,False,True,,,,,,False
CC1=C2C[C@H]3[C@@H](CC=C4C[C@@H](O)CC[C@@]43C)[C@@H]2CC[C@]12O[C@@H]1C[C@H](C)CN[C@H]1[C@H]2C.[4*]CCCCC[4*].[4*]CC[8*],0.8676470588235294,509.8190000000004,8.01540000000001,41.49,2,3,5,6,False,False,True,False,True,,,,,,False
CC1=C2C[C@H]3[C@@H](CC=C4C[C@@H](O)CC[C@@]43C)[C@@H]2CC[C@]12O[C@@H]1C[C@H](C)CN[C@H]1[C@H]2C.[16*]c1cc([16*])cc([16*])c1.[16*]c1ccc([16*])cc1,0.8676470588235294,562.8180000000003,4.2481000000000035,41.49,2,3,0,8,True,False,True,False,True,,,,,,False
CC1=C2C[C@H]3[C@@H](CC=C4C[C@@H](O)CC[C@@]43C)[C@@H]2CC[C@]12O[C@@H]1C[C@H](C)CN[C@H]1[C@H]2C.[4*]C([4*])(C)C(Cl)(Cl)Cl,0.8676470588235294,557.0460000000002,7.593200000000008,41.49,2,3,0,6,False,False,True,False,True,,,,,,False
CC1=C2C[C@H]3[C@@H](CC=C4C[C@@H](O)CC[C@@]43C)[C@@H]2CC[C@]12O[C@@H]1C[C@H](C)CN[C@H]1[C@H]2C.[12*]S(=S)(=S)c1ccc(S([12*])(=S)=S)cc1,0.8676470588235294,680.1300000000002,6.490500000000007,41.49,2,7,2,7,False,False,True,False,True,,,,,,False
Cc1ccc(C2=C(CC(=O)O)C(=O)CC2)cc1.[3*]OC,0.8611111111111112,261.2969999999999,2.683320000000001,63.6,1,3,3,2,True,True,True,False,False,,,,,,True
Cc1ccc(C2=C(CC(=O)O)C(=O)CC2)cc1.[16*]c1ccc([16*])cc1,0.8611111111111112,306.361,2.622020000000001,54.37,1,2,3,3,True,True,True,False,False,,,,,,True
Cc1ccc(C2=C(CC(=O)O)C(=O)CC2)cc1.[6*]C(N)=O,0.8611111111111112,274.29599999999994,2.2006200000000007,97.46000000000001,2,3,3,2,True,True,True,True,False,,,,,,True
Cc1ccc(C2=C(CC(=O)O)C(=O)CC2)cc1.[11*][SH]([11*])C,0.8611111111111112,278.37299999999993,3.132220000000001,54.37,2,2,3,2,True,True,True,False,False,,,,,,True
C[C@]12C(=O)CC=CC1=CC[C@@H]1[C@@H]2CC[C@]2(O)C(=O)O[C@@]3(C)[C@H]4C[C@]5(C)[C@@H](CO[C@@]16O[C@@]32[C@H]5C6=O)C(=O)O4.[1*]C(C)=O.[8*]CC(C)C,0.8607594936708861,610.7000000000004,3.249200000000002,142.5,1,10,1,8,False,False,True,True,True,,,,,,False
C[C@]12C(=O)CC=CC1=CC[C@@H]1[C@@H]2CC[C@]2(O)C(=O)O[C@@]3(C)[C@H]4C[C@]5(C)[C@@H](CO[C@@]16O[C@@]32[C@H]5C6=O)C(=O)O4.[16*]c1cc([16*])cc([16*])c1.[6*]C(N)=O,0.8607594936708861,629.6620000000003,0.3818000000000038,168.51999999999998,2,10,0,9,False,False,True,True,True,,,,,,False
C[C@]12C(=O)CC=CC1=CC[C@@H]1[C@@H]2CC[C@]2(O)C(=O)O[C@@]3(C)[C@H]4C[C@]5(C)[C@@H](CO[C@@]16O[C@@]32[C@H]5C6=O)C(=O)O4.[16*]c1ccccc1[16*].[5*]N([5*])[5*],0.8607594936708861,600.6440000000003,1.274100000000001,128.67,1,10,0,9,True,False,True,True,True,,,,,,False
C[C@]12C(=O)CC=CC1=CC[C@@H]1[C@@H]2CC[C@]2(O)C(=O)O[C@@]3(C)[C@H]4C[C@]5(C)[C@@H](CO[C@@]16O[C@@]32[C@H]5C6=O)C(=O)O4.[1*]C(=O)C(C)C.[15*]C1CC1,0.8607594936708861,622.7110000000004,3.3933000000000018,142.5,1,10,1,9,False,False,True,True,True,,,,,,False
C[C@]12C(=O)CC=CC1=CC[C@@H]1[C@@H]2CC[C@]2(O)C(=O)O[C@@]3(C)[C@H]4C[C@]5(C)[C@@H](CO[C@@]16O[C@@]32[C@H]5C6=O)C(=O)O4.[14*]c1cc([14*])ncn1,0.8607594936708861,588.6130000000003,0.38280000000000225,151.20999999999998,1,11,0,9,False,False,True,True,True,,,,,,False
C[C@]12C(=O)CC=CC1=CC[C@@H]1[C@@H]2CC[C@]2(O)C(=O)O[C@@]3(C)[C@H]4C[C@]5(C)[C@@H](CO[C@@]16O[C@@]32[C@H]5C6=O)C(=O)O4.[5*]N1CCC([15*])CC1,0.8607594936708861,593.6730000000001,2.4413,128.67,1,10,0,9,True,False,True,True,True,,,,,,False
C[C@]12C(=O)CC=CC1=CC[C@@H]1[C@@H]2CC[C@]2(O)C(=O)O[C@@]3(C)[C@H]4C[C@]5(C)[C@@H](CO[C@@]16O[C@@]32[C@H]5C6=O)C(=O)O4.[1*]C(C)=O.[8*]CC(C)(C)C,0.8607594936708861,624.7270000000003,3.639300000000002,142.5,1,10,0,8,False,False,True,True,True,,,,,,False
C[4*]CC(C)C.C[C@]12C(=O)CC=CC1=CC[C@@H]1[C@@H]2CC[C@]2(O)C(=O)O[C@@]3(C)[C@H]4C[C@]5(C)[C@@H](CO[C@@]16O[C@@]32[C@H]5C6=O)C(=O)O4,0.8607594936708861,582.6900000000004,3.7508000000000026,125.42999999999999,1,9,2,8,True,False,True,True,True,,,,,,False
C[C@]12C(=O)CC=CC1=CC[C@@H]1[C@@H]2CC[C@]2(O)C(=O)O[C@@]3(C)[C@H]4C[C@]5(C)[C@@H](CO[C@@]16O[C@@]32[C@H]5C6=O)C(=O)O4.[15*]C1CCCC1C,0.8607594936708861,593.6930000000003,3.701200000000002,125.42999999999999,1,9,0,9,True,False,True,True,True,,,,,,False
C[C@]12C(=O)CC=CC1=CC[C@@H]1[C@@H]2CC[C@]2(O)C(=O)O[C@@]3(C)[C@H]4C[C@]5(C)[C@@H](CO[C@@]16O[C@@]32[C@H]5C6=O)C(=O)O4.[15*]C1CCC(C)C1,0.8607594936708861,593.6930000000004,3.701200000000002,125.42999999999999,1,9,0,9,True,False,True,True,True,,,,,,False
C[C@]12C(=O)CC=CC1=CC[C@@H]1[C@@H]2CC[C@]2(O)C(=O)O[C@@]3(C)[C@H]4C[C@]5(C)[C@@H](CO[C@@]16O[C@@]32[C@H]5C6=O)C(=O)O4.[16*]c1ccc([16*])(C)cc1,0.8607594936708861,601.6720000000004,2.4414800000000003,125.42999999999999,1,9,0,9,True,False,True,True,True,,,,,,False
C[C@]12C(=O)CC=CC1=CC[C@@H]1[C@@H]2CC[C@]2(O)C(=O)O[C@@]3(C)[C@H]4C[C@]5(C)[C@@H](CO[C@@]16O[C@@]32[C@H]5C6=O)C(=O)O4.[1*]C(=O)C([8*])(C)C.[4*]C[8*],0.8607594936708861,594.6570000000003,2.8279000000000005,142.5,1,10,1,8,False,False,True,True,True,,,,,,False
C[C@]12C(=O)CC=CC1=CC[C@@H]1[C@@H]2CC[C@]2(O)C(=O)O[C@@]3(C)[C@H]4C[C@]5(C)[C@@H](CO[C@@]16O[C@@]32[C@H]5C6=O)C(=O)O4.[1*]C(=O)C(C)C.[15*]C1(C)CC1,0.8607594936708861,636.7380000000003,3.783400000000002,142.5,1,10,1,9,False,False,True,True,True,,,,,,False
C[C@]12C(=O)CC=CC1=CC[C@@H]1[C@@H]2CC[C@]2(O)C(=O)O[C@@]3(C)[C@H]4C[C@]5(C)[C@@H](CO[C@@]16O[C@@]32[C@H]5C6=O)C(=O)O4.[1*]C(=O)C(C)(C)C.[15*]C1CC1,0.8607594936708861,636.7380000000003,3.783400000000002,142.5,1,10,0,9,False,False,True,True,True,,,,,,False
C[C@]12C(=O)CC=CC1=CC[C@@H]1[C@@H]2CC[C@]2(O)C(=O)O[C@@]3(C)[C@H]4C[C@]5(C)[C@@H](CO[C@@]16O[C@@]32[C@H]5C6=O)C(=O)O4.[1*]C(=O)C[4*]C,0.8607594936708861,567.6110000000003,2.1707,142.5,1,10,2,8,False,False,True,True,True,,,,,,False
CC1=C2C[C@H]3[C@@H](CC=C4C[C@@H](O)CC[C@@]43C)[C@@H]2CC[C@]12O[C@@H]1C[C@H](C)CN[C@H]1[C@H]2C.[5*]N1CC([15*])C1,0.855072463768116,466.71000000000026,5.106000000000004,44.730000000000004,2,4,0,7,False,False,True,False,True,,,,,,True
CC1=C2C[C@H]3[C@@H](CC=C4C[C@@H](O)CC[C@@]43C)[C@@H]2CC[C@]12O[C@@H]1C[C@H](C)CN[C@H]1[C@H]2C.[4*]CCCC,0.855072463768116,468.7460000000003,6.756000000000007,41.49,2,3,2,6,False,False,True,False,True,,,,,,True
CC1=C2C[C@H]3[C@@H](CC=C4C[C@@H](O)CC[C@@]43C)[C@@H]2CC[C@]12O[C@@H]1C[C@H](C)CN[C@H]1[C@H]2C.[16*]c1cccc([16*])c1,0.855072463768116,487.72800000000035,5.0377000000000045,41.49,2,3,0,7,False,False,True,False,True,,,,,,True
CC1=C2C[C@H]3[C@@H](CC=C4C[C@@H](O)CC[C@@]43C)[C@@H]2CC[C@]12O[C@@H]1C[C@H](C)CN[C@H]1[C@H]2C.[4*]CC[4*]C,0.855072463768116,454.7190000000003,6.507300000000007,41.49,2,3,2,6,False,False,True,False,True,,,,,,True
CC1=C2C[C@H]3[C@@H](CC=C4C[C@@H](O)CC[C@@]43C)[C@@H]2CC[C@]12O[C@@H]1C[C@H](C)CN[C@H]1[C@H]2C.[5*]N1CC([15*])(C)C1,0.855072463768116,480.7370000000003,5.4961000000000055,44.730000000000004,2,4,0,7,False,False,True,False,True,,,,,,True
CC1=C2C[C@H]3[C@@H](CC=C4C[C@@H](O)CC[C@@]43C)[C@@H]2CC[C@]12O[C@@H]1C[C@H](C)CN[C@H]1[C@H]2C.[13*][C@H]1NC[C@H]([15*])C1C,0.855072463768116,494.76400000000024,5.440800000000005,53.52,3,4,0,7,False,False,True,False,True,,,,,,True
CC1=C2C[C@H]3[C@@H](CC=C4C[C@@H](O)CC[C@@]43C)[C@@H]2CC[C@]12O[C@@H]1C[C@H](C)CN[C@H]1[C@H]2C.[12*]S(=O)(=O)c1ccc(S([12*])(=O)=O)cc1,0.855072463768116,615.8580000000002,5.164500000000005,109.77000000000001,2,7,2,7,False,False,True,True,True,,,,,,False
CC1=C2C[C@H]3[C@@H](CC=C4C[C@@H](O)CC[C@@]43C)[C@@H]2CC[C@]12O[C@@H]1C[C@H](C)CN[C@H]1[C@H]2C.[16*]c1ccc([16*])cc1.[16*]c1ccccc1,0.855072463768116,564.8340000000003,5.898900000000006,41.49,2,3,0,8,False,False,True,False,True,,,,,,False
CC1=C2C[C@H]3[C@@H](CC=C4C[C@@H](O)CC[C@@]43C)[C@@H]2CC[C@]12O[C@@H]1C[C@H](C)CN[C@H]1[C@H]2C.[16*]c1ccc([16*])cc1.[3*]OC,0.855072463768116,518.7620000000003,5.134800000000005,50.72,2,4,0,7,False,False,True,False,True,,,,,,False
CC1=C2C[C@H]3[C@@H](CC=C4C[C@@H](O)CC[C@@]43C)[C@@H]2CC[C@]12O[C@@H]1C[C@H](C)CN[C@H]1[C@H]2C.[15*]C1CC1.[4*]C(C)C(C)C,0.855072463768116,523.8460000000003,8.12000000000001,41.49,2,3,1,7,False,False,True,False,True,,,,,,False
CC1=C2C[C@H]3[C@@H](CC=C4C[C@@H](O)CC[C@@]43C)[C@@H]2CC[C@]12O[C@@H]1C[C@H](C)CN[C@H]1[C@H]2C.[16*]c1cc([16*])cc([16*])(C)c1,0.855072463768116,501.75500000000034,5.840190000000005,41.49,2,3,0,7,False,False,True,False,True,,,,,,False
CC1=C2C[C@H]3[C@@H](CC=C4C[C@@H](O)CC[C@@]43C)[C@@H]2CC[C@]12O[C@@H]1C[C@H](C)CN[C@H]1[C@H]2C.[16*]c1cc([16*])c(C)c([16*])c1,0.855072463768116,500.74700000000036,4.520720000000003,41.49,2,3,0,7,True,False,True,False,True,,,,,,False
C[C@]12C(=O)CC=CC1=CC[C@@H]1[C@@H]2CC[C@]2(O)C(=O)O[C@@]3(C)[C@H]4C[C@]5(C)[C@@H](CO[C@@]16O[C@@]32[C@H]5C6=O)C(=O)O4.[1*]C(=O)C([8*])C.[4*]C[8*],0.85,580.6300000000003,2.4378,142.5,1,10,1,8,False,False,True,True,True,,,,,,False
C[C@]12C(=O)CC=CC1=CC[C@@H]1[C@@H]2CC[C@]2(O)C(=O)O[C@@]3(C)[C@H]4C[C@]5(C)[C@@H](CO[C@@]16O[C@@]32[C@H]5C6=O)C(=O)O4.[1*]C(=O)C[4*].[4*]CC.[6*]C(N)=O,0.85,625.6710000000004,2.1752000000000002,185.58999999999997,2,11,1,8,False,False,True,True,True,,,,,,False
C[C@]12C(=O)CC=CC1=CC[C@@H]1[C@@H]2CC[C@]2(O)C(=O)O[C@@]3(C)[C@H]4C[C@]5(C)[C@@H](CO[C@@]16O[C@@]32[C@H]5C6=O)C(=O)O4.[4*]C([4*])C(Cl)(Cl)Cl.[5*]N([5*])[5*],0.85,655.9350000000003,3.4395000000000016,128.67,1,10,0,8,True,False,True,True,True,,,,,,False
C[C@]12C(=O)CC=CC1=CC[C@@H]1[C@@H]2CC[C@]2(O)C(=O)O[C@@]3(C)[C@H]4C[C@]5(C)[C@@H](CO[C@@]16O[C@@]32[C@H]5C6=O)C(=O)O4.[11*]SC.[8*]CC(C)C,0.85,614.7570000000003,3.9807000000000023,125.42999999999999,1,10,1,8,True,False,True,True,True,,,,,,False
C[C@]12C(=O)CC=CC1=CC[C@@H]1[C@@H]2CC[C@]2(O)C(=O)O[C@@]3(C)[C@H]4C[C@]5(C)[C@@H](CO[C@@]16O[C@@]32[C@H]5C6=O)C(=O)O4.[1*]C([6*])=O.[14*]c1ccc([14*])s1,0.85,620.6760000000005,1.8592999999999997,142.5,1,11,0,9,False,False,True,True,True,,,,,,False
C[C@]12C(=O)CC=CC1=CC[C@@H]1[C@@H]2CC[C@]2(O)C(=O)O[C@@]3(C)[C@H]4C[C@]5(C)[C@@H](CO[C@@]16O[C@@]32[C@H]5C6=O)C(=O)O4.[4*]CC(C)CC,0.85,581.6820000000004,3.557100000000002,125.42999999999999,1,9,2,8,True,False,True,True,True,,,,,,False
C[C@]12C(=O)CC=CC1=CC[C@@H]1[C@@H]2CC[C@]2(O)C(=O)O[C@@]3(C)[C@H]4C[C@]5(C)[C@@H](CO[C@@]16O[C@@]32[C@H]5C6=O)C(=O)O4.[16*]c1cc([16*])cc([16*])c1.[6*]C(=O)NC,0.85,643.6890000000003,0.6425000000000036,154.52999999999997,2,10,0,9,False,False,True,True,True,,,,,,False
C[C@]12C(=O)CC=CC1=CC[C@@H]1[C@@H]2CC[C@]2(O)C(=O)O[C@@]3(C)[C@H]4C[C@]5(C)[C@@H](CO[C@@]16O[C@@]32[C@H]5C6=O)C(=O)O4.[4*]CC(=O)[1*]C,0.85,567.6110000000003,2.1707,142.5,1,10,2,8,False,False,True,True,True,,,,,,False
CC1=C2C[C@H]3[C@@H](CC=C4C[C@@H](O)CC[C@@]43C)[C@@H]2CC[C@]12O[C@@H]1C[C@H](C)CN[C@H]1[C@H]2C.[1*]C(=O)C([8*])C.[5*]N([5*])[5*],0.8428571428571429,481.70100000000025,5.103200000000005,61.800000000000004,2,5,1,6,False,False,True,False,True,,,,,,True
CC1=C2C[C@H]3[C@@H](CC=C4C[C@@H](O)CC[C@@]43C)[C@@H]2CC[C@]12O[C@@H]1C[C@H](C)CN[C@H]1[C@H]2C.[4*]CCCC.[4*]CC[4*],0.8428571428571429,496.80000000000035,7.677600000000008,41.49,2,3,3,6,False,False,True,False,True,,,,,,True
CC1=C2C[C@H]3[C@@H](CC=C4C[C@@H](O)CC[C@@]43C)[C@@H]2CC[C@]12O[C@@H]1C[C@H](C)CN[C@H]1[C@H]2C.[13*]C1CCCO1,0.8428571428571429,482.7290000000003,5.6741000000000055,50.72,2,4,0,7,False,False,True,False,True,,,,,,True
CC1=C2C[C@H]3[C@@H](CC=C4C[C@@H](O)CC[C@@]43C)[C@@H]2CC[C@]12O[C@@H]1C[C@H](C)CN[C@H]1[C@H]2C.[1*]C(=O)C[8*].[5*]N(C)C,0.8428571428571429,497.7440000000003,5.044100000000005,61.800000000000004,2,5,1,6,False,False,True,False,True,,,,,,True
CC1=C2C[C@H]3[C@@H](CC=C4C[C@@H](O)CC[C@@]43C)[C@@H]2CC[C@]12O[C@@H]1C[C@H](C)CN[C@H]1[C@H]2C.[3*]OC.[4*]CC.[4*]CC[4*],0.8428571428571429,499.78000000000037,6.9945000000000075,50.72,2,4,1,6,False,False,True,False,True,,,,,,True
CC1=C2C[C@H]3[C@@H](CC=C4C[C@@H](O)CC[C@@]43C)[C@@H]2CC[C@]12O[C@@H]1C[C@H](C)CN[C@H]1[C@H]2C.C[8*]CC(C)C,0.8428571428571429,483.7810000000003,7.1957000000000075,41.49,2,3,2,6,False,False,True,False,True,,,,,,True
CC1=C2C[C@H]3[C@@H](CC=C4C[C@@H](O)CC[C@@]43C)[C@@H]2CC[C@]12O[C@@H]1C[C@H](C)CN[C@H]1[C@H]2C.C[4*]CCCC,0.8428571428571429,483.78100000000035,7.339800000000008,41.49,2,3,3,6,False,False,True,False,True,,,,,,True
CC1=C2C[C@H]3[C@@H](CC=C4C[C@@H](O)CC[C@@]43C)[C@@H]2CC[C@]12O[C@@H]1C[C@H](C)CN[C@H]1[C@H]2C.[4*]CCC(C)C,0.8428571428571429,482.7730000000003,7.002000000000008,41.49,2,3,2,6,False,False,True,False,True,,,,,,True
CC1=C2C[C@H]3[C@@H](CC=C4C[C@@H](O)CC[C@@]43C)[C@@H]2CC[C@]12O[C@@H]1C[C@H](C)CN[C@H]1[C@H]2C.[4*]CCCCC,0.8428571428571429,482.77300000000037,7.146100000000008,41.49,2,3,3,6,False,False,True,False,True,,,,,,True
CC1=C2C[C@H]3[C@@H](CC=C4C[C@@H](O)CC[C@@]43C)[C@@H]2CC[C@]12O[C@@H]1C[C@H](C)CN[C@H]1[C@H]2C.[1*]C(=S)C([8*])C.[5*]N([5*])[5*],0.8428571428571429,497.76900000000023,5.904000000000006,44.730000000000004,2,5,1,6,False,False,True,False,True,,,,,,True
CC1=C2C[C@H]3[C@@H](CC=C4C[C@@H](O)CC[C@@]43C)[C@@H]2CC[C@]12O[C@@H]1C[C@H](C)CN[C@H]1[C@H]2C.[13*][C@@H]1C[C@@H]([15*])C(C)N1,0.8428571428571429,494.76400000000024,5.583300000000005,53.52,3,4,0,7,False,False,True,False,True,,,,,,True
CC1=C2C[C@H]3[C@@H](CC=C4C[C@@H](O)CC[C@@]43C)[C@@H]2CC[C@]12O[C@@H]1C[C@H](C)CN[C@H]1[C@H]2C.[15*]C1CC1.[4*]CC(C)C,0.8428571428571429,509.81900000000036,7.7299000000000095,41.49,2,3,1,7,False,False,True,False,True,,,,,,False
CC1=C2C[C@H]3[C@@H](CC=C4C[C@@H](O)CC[C@@]43C)[C@@H]2CC[C@]12O[C@@H]1C[C@H](C)CN[C@H]1[C@H]2C.[15*]C1(C)CC1.[4*]CC(C)C,0.8428571428571429,523.8460000000003,8.12000000000001,41.49,2,3,1,7,False,False,True,False,True,,,,,,False
CC1=C2C[C@H]3[C@@H](CC=C4C[C@@H](O)CC[C@@]43C)[C@@H]2CC[C@]12O[C@@H]1C[C@H](C)CN[C@H]1[C@H]2C.[15*]C1CC1.[4*]CC(C)(C)C,0.8428571428571429,523.8460000000003,8.12000000000001,41.49,2,3,0,7,False,False,True,False,True,,,,,,False
CC1=C2C[C@H]3[C@@H](CC=C4C[C@@H](O)CC[C@@]43C)[C@@H]2CC[C@]12O[C@@H]1C[C@H](C)CN[C@H]1[C@H]2C.C[16*]c1ccc(O)cc1,0.8428571428571429,519.7700000000003,6.152500000000005,61.72,3,4,1,7,False,False,True,False,True,,,,,,False
CC1=C2C[C@H]3[C@@H](CC=C4C[C@@H](O)CC[C@@]43C)[C@@H]2CC[C@]12O[C@@H]1C[C@H](C)CN[C@H]1[C@H]2C.[16*]c1(C)ccc(O)cc1,0.8428571428571429,519.7700000000003,5.329380000000005,61.72,3,4,0,7,False,False,True,False,True,,,,,,False
CC1=C2C[C@H]3[C@@H](CC=C4C[C@@H](O)CC[C@@]43C)[C@@H]2CC[C@]12O[C@@H]1C[C@H](C)CN[C@H]1[C@H]2C.[16*]c1ccc(C)(O)cc1,0.8428571428571429,519.7700000000003,5.954970000000006,61.72,3,4,0,7,False,False,True,False,True,,,,,,False
C[C@]12C(=O)CC=CC1=CC[C@@H]1[C@@H]2CC[C@]2(O)C(=O)O[C@@]3(C)[C@H]4C[C@]5(C)[C@@H](CO[C@@]16O[C@@]32[C@H]5C6=O)C(=O)O4.[4*]CC(=O)O.[8*]CC(C)C,0.8395061728395061,626.6990000000003,3.2056000000000013,162.73,2,10,2,8,False,False,True,True,True,,,,,,False
C[C@]12C(=O)CC=CC1=CC[C@@H]1[C@@H]2CC[C@]2(O)C(=O)O[C@@]3(C)[C@H]4C[C@]5(C)[C@@H](CO[C@@]16O[C@@]32[C@H]5C6=O)C(=O)O4.[16*]c1ccccc1F,0.8395061728395061,605.6350000000004,2.5573000000000006,125.42999999999999,1,9,0,9,True,False,True,True,True,,,,,,False
C[C@]12C(=O)CC=CC1=CC[C@@H]1[C@@H]2CC[C@]2(O)C(=O)O[C@@]3(C)[C@H]4C[C@]5(C)[C@@H](CO[C@@]16O[C@@]32[C@H]5C6=O)C(=O)O4.[14*]c1scc([16*])c1[16*],0.8395061728395061,591.6580000000004,0.8289000000000009,125.42999999999999,1,10,0,9,True,False,True,True,True,,,,,,False
C[C@]12C(=O)CC=CC1=CC[C@@H]1[C@@H]2CC[C@]2(O)C(=O)O[C@@]3(C)[C@H]4C[C@]5(C)[C@@H](CO[C@@]16O[C@@]32[C@H]5C6=O)C(=O)O4.[15*]C1CC1.[16*]c1ccc(O)cc1,0.8395061728395061,644.7170000000003,3.2418000000000022,145.66,2,10,0,10,False,False,True,True,True,,,,,,False
C[C@]12C(=O)CC=CC1=CC[C@@H]1[C@@H]2CC[C@]2(O)C(=O)O[C@@]3(C)[C@H]4C[C@]5(C)[C@@H](CO[C@@]16O[C@@]32[C@H]5C6=O)C(=O)O4.[13*]C1CCCNN1,0.8395061728395061,595.6690000000004,1.306800000000001,149.49,3,11,0,9,False,False,True,True,True,,,,,,False
C[C@]12C(=O)CC=CC1=CC[C@@H]1[C@@H]2CC[C@]2(O)C(=O)O[C@@]3(C)[C@H]4C[C@]5(C)[C@@H](CO[C@@]16O[C@@]32[C@H]5C6=O)C(=O)O4.[1*]C(=O)[C@H]([8*])C.[5*]N(C)C,0.8395061728395061,610.6800000000003,1.9893000000000007,145.74,1,11,1,8,False,False,True,True,True,,,,,,False
C[C@]12C(=O)CC=CC1=CC[C@@H]1[C@@H]2CC[C@]2(O)C(=O)O[C@@]3(C)[C@H]4C[C@]5(C)[C@@H](CO[C@@]16O[C@@]32[C@H]5C6=O)C(=O)O4.[1*]C(=O)C[4*].[4*]C(C)C[8*],0.8395061728395061,594.6570000000003,2.898600000000001,142.5,1,10,2,8,False,False,True,True,True,,,,,,False
C[C@]12C(=O)CC=CC1=CC[C@@H]1[C@@H]2CC[C@]2(O)C(=O)O[C@@]3(C)[C@H]4C[C@]5(C)[C@@H](CO[C@@]16O[C@@]32[C@H]5C6=O)C(=O)O4.[1*]C(=O)C[4*].[4*]CC([8*])C,0.8395061728395061,594.6570000000003,2.898600000000001,142.5,1,10,2,8,False,False,True,True,True,,,,,,False
C[C@]12C(=O)CC=CC1=CC[C@@H]1[C@@H]2CC[C@]2(O)C(=O)O[C@@]3(C)[C@H]4C[C@]5(C)[C@@H](CO[C@@]16O[C@@]32[C@H]5C6=O)C(=O)O4.[1*]C(=O)C([4*])C.[4*]CC[8*],0.8395061728395061,594.6570000000004,2.898600000000001,142.5,1,10,2,8,False,False,True,True,True,,,,,,False
C[C@]12C(=O)CC=CC1=CC[C@@H]1[C@@H]2CC[C@]2(O)C(=O)O[C@@]3(C)[C@H]4C[C@]5(C)[C@@H](CO[C@@]16O[C@@]32[C@H]5C6=O)C(=O)O4.[8*]C(C)C(=O)[1*]C,0.8395061728395061,581.6380000000004,2.5608000000000004,142.5,1,10,2,8,False,False,True,True,True,,,,,,False
C[C@]12C(=O)CC=CC1=CC[C@@H]1[C@@H]2CC[C@]2(O)C(=O)O[C@@]3(C)[C@H]4C[C@]5(C)[C@@H](CO[C@@]16O[C@@]32[C@H]5C6=O)C(=O)O4.[1*]C(=O)C(C)[8*]C,0.8395061728395061,581.6380000000004,2.5608000000000004,142.5,1,10,2,8,False,False,True,True,True,,,,,,False
C[C@]12C(=O)CC=CC1=CC[C@@H]1[C@@H]2CC[C@]2(O)C(=O)O[C@@]3(C)[C@H]4C[C@]5(C)[C@@H](CO[C@@]16O[C@@]32[C@H]5C6=O)C(=O)O4.[1*]C(=O)C([8*])CC,0.8395061728395061,580.6300000000003,2.3670999999999998,142.5,1,10,2,8,False,False,True,True,True,,,,,,False
C[C@]12C(=O)CC=CC1=CC[C@@H]1[C@@H]2CC[C@]2(O)C(=O)O[C@@]3(C)[C@H]4C[C@]5(C)[C@@H](CO[C@@]16O[C@@]32[C@H]5C6=O)C(=O)O4.[16*]c1ccc([16*]C)cc1,0.8395061728395061,601.6720000000004,2.1765999999999996,125.42999999999999,1,9,1,9,True,False,True,True,True,,,,,,False
C[C@]12C(=O)CC=CC1=CC[C@@H]1[C@@H]2CC[C@]2(O)C(=O)O[C@@]3(C)[C@H]4C[C@]5(C)[C@@H](CO[C@@]16O[C@@]32[C@H]5C6=O)C(=O)O4.[1*]C(=O)C[4*].[4*]CC.[6*]C(=O)NC,0.8395061728395061,639.6980000000003,2.4359,171.59999999999997,2,11,1,8,False,False,True,True,True,,,,,,False
CC1=C2C[C@H]3[C@@H](CC=C4C[C@@H](O)CC[C@@]43C)[C@@H]2CC[C@]12O[C@@H]1C[C@H](C)CN[C@H]1[C@H]2C.[13*]C1CCCNN1,0.8309859154929577,496.7600000000004,4.751700000000004,65.55,4,5,0,7,True,True,True,False,True,,,,,,True
CC1=C2C[C@H]3[C@@H](CC=C4C[C@@H](O)CC[C@@]43C)[C@@H]2CC[C@]12O[C@@H]1C[C@H](C)CN[C@H]1[C@H]2C.[4*]CC(=O)[1*]C,0.8309859154929577,468.7020000000003,5.615600000000005,58.56,2,4,2,6,False,False,True,False,True,,,,,,True
CC1=C2C[C@H]3[C@@H](CC=C4C[C@@H](O)CC[C@@]43C)[C@@H]2CC[C@]12O[C@@H]1C[C@H](C)CN[C@H]1[C@H]2C.[8*]CC(=O)[1*]C,0.8309859154929577,468.7020000000003,5.615600000000005,58.56,2,4,2,6,False,False,True,False,True,,,,,,True
CC1=C2C[C@H]3[C@@H](CC=C4C[C@@H](O)CC[C@@]43C)[C@@H]2CC[C@]12O[C@@H]1C[C@H](C)CN[C@H]1[C@H]2C.[8*]CC(C)CC,0.8309859154929577,482.7730000000003,7.002000000000007,41.49,2,3,2,6,False,False,True,False,True,,,,,,True
CC1=C2C[C@H]3[C@@H](CC=C4C[C@@H](O)CC[C@@]43C)[C@@H]2CC[C@]12O[C@@H]1C[C@H](C)CN[C@H]1[C@H]2C.[5*]N1CC([15*])C1C,0.8309859154929577,480.7370000000003,5.494500000000006,44.730000000000004,2,4,0,7,False,False,True,False,True,,,,,,True
CC1=C2C[C@H]3[C@@H](CC=C4C[C@@H](O)CC[C@@]43C)[C@@H]2CC[C@]12O[C@@H]1C[C@H](C)CN[C@H]1[C@H]2C.[4*]C(C)CCC,0.8309859154929577,482.7730000000003,7.146100000000008,41.49,2,3,2,6,False,False,True,False,True,,,,,,True
CC1=C2C[C@H]3[C@@H](CC=C4C[C@@H](O)CC[C@@]43C)[C@@H]2CC[C@]12O[C@@H]1C[C@H](C)CN[C@H]1[C@H]2C.[4*]CC(C)CC,0.8309859154929577,482.7730000000003,7.002000000000008,41.49,2,3,2,6,False,False,True,False,True,,,,,,True
CC1=C2C[C@H]3[C@@H](CC=C4C[C@@H](O)CC[C@@]43C)[C@@H]2CC[C@]12O[C@@H]1C[C@H](C)CN[C@H]1[C@H]2C.[1*]C(=O)C([8*])(C)C.[5*]N([5*])[5*],0.8309859154929577,495.7280000000003,5.493300000000005,61.800000000000004,2,5,1,6,False,False,True,False,True,,,,,,True
CC1=C2C[C@H]3[C@@H](CC=C4C[C@@H](O)CC[C@@]43C)[C@@H]2CC[C@]12O[C@@H]1C[C@H](C)CN[C@H]1[C@H]2C.[15*]C1CC1.[16*]c1ccccc1,0.8309859154929577,529.8090000000002,6.981100000000008,41.49,2,3,0,8,False,False,True,False,True,,,,,,False
CC1=C2C[C@H]3[C@@H](CC=C4C[C@@H](O)CC[C@@]43C)[C@@H]2CC[C@]12O[C@@H]1C[C@H](C)CN[C@H]1[C@H]2C.[4*]CCCCCCC,0.8309859154929577,510.82700000000045,7.926300000000009,41.49,2,3,5,6,False,False,True,False,True,,,,,,False
CC1=C2C[C@H]3[C@@H](CC=C4C[C@@H](O)CC[C@@]43C)[C@@H]2CC[C@]12O[C@@H]1C[C@H](C)CN[C@H]1[C@H]2C.[4*]CCCC.[4*]CCCCC[4*],0.8309859154929577,538.8810000000004,8.847900000000006,41.49,2,3,6,6,False,False,True,False,True,,,,,,False
CC1=C2C[C@H]3[C@@H](CC=C4C[C@@H](O)CC[C@@]43C)[C@@H]2CC[C@]12O[C@@H]1C[C@H](C)CN[C@H]1[C@H]2C.[1*]C(=O)C[4*].[5*]N(C)C.[6*]C([6*])=O,0.8309859154929577,525.7540000000004,5.249100000000005,78.86999999999999,2,6,1,6,False,False,True,True,True,,,,,,False
CC1=C2C[C@H]3[C@@H](CC=C4C[C@@H](O)CC[C@@]43C)[C@@H]2CC[C@]12O[C@@H]1C[C@H](C)CN[C@H]1[C@H]2C.[14*]c1ccc([14*])s1.[16*]c1ccc([16*])cc1,0.8309859154929577,569.8550000000002,5.135000000000004,41.49,2,4,0,8,False,False,True,False,True,,,,,,False
CC1=C2C[C@H]3[C@@H](CC=C4C[C@@H](O)CC[C@@]43C)[C@@H]2CC[C@]12O[C@@H]1C[C@H](C)CN[C@H]1[C@H]2C.[4*]C([4*])C(Cl)(Cl)Cl.[5*]N[5*],0.8309859154929577,558.0340000000004,6.707700000000007,53.519999999999996,3,4,0,6,False,False,True,False,True,,,,,,False
CC1=C2C[C@H]3[C@@H](CC=C4C[C@@H](O)CC[C@@]43C)[C@@H]2CC[C@]12O[C@@H]1C[C@H](C)CN[C@H]1[C@H]2C.[15*]C1CC1.[16*]c1(C)ccccc1,0.8309859154929577,544.8440000000002,7.0505700000000076,41.49,2,3,0,8,False,False,True,False,True,,,,,,False
CC1=C2C[C@H]3[C@@H](CC=C4C[C@@H](O)CC[C@@]43C)[C@@H]2CC[C@]12O[C@@H]1C[C@H](C)CN[C@H]1[C@H]2C.[15*]C1CC1.[16*]c1ccc(C)cc1,0.8309859154929577,543.8360000000002,7.289520000000008,41.49,2,3,0,8,False,False,True,False,True,,,,,,False
CC1=C2C[C@H]3[C@@H](CC=C4C[C@@H](O)CC[C@@]43C)[C@@H]2CC[C@]12O[C@@H]1C[C@H](C)CN[C@H]1[C@H]2C.[15*]C1(C)CC1.[16*]c1ccccc1,0.8309859154929577,543.8360000000002,7.371200000000009,41.49,2,3,0,8,False,False,True,False,True,,,,,,False
CC1=C2C[C@H]3[C@@H](CC=C4C[C@@H](O)CC[C@@]43C)[C@@H]2CC[C@]12O[C@@H]1C[C@H](C)CN[C@H]1[C@H]2C.[15*]C1CC1C.[4*]CC(C)C,0.8309859154929577,523.8460000000003,7.97590000000001,41.49,2,3,1,7,False,False,True,False,True,,,,,,False
CC1=C2C[C@H]3[C@@H](CC=C4C[C@@H](O)CC[C@@]43C)[C@@H]2CC[C@]12O[C@@H]1C[C@H](C)CN[C@H]1[C@H]2C.[13*]C1CC(C)CCNN1,0.8309859154929577,524.8140000000004,5.387800000000005,65.55,4,5,0,7,False,False,True,False,True,,,,,,False
CC1=C2C[C@H]3[C@@H](CC=C4C[C@@H](O)CC[C@@]43C)[C@@H]2CC[C@]12O[C@@H]1C[C@H](C)CN[C@H]1[C@H]2C.[13*]C1CCC(C)CNN1,0.8309859154929577,524.8140000000004,5.387800000000005,65.55,4,5,0,7,False,False,True,False,True,,,,,,False
CC1=C2C[C@H]3[C@@H](CC=C4C[C@@H](O)CC[C@@]43C)[C@@H]2CC[C@]12O[C@@H]1C[C@H](C)CN[C@H]1[C@H]2C.[1*]C([6*])=S.[11*]S[11*].[16*]c1ccc([16*])cc1,0.8309859154929577,563.8730000000003,6.055800000000006,41.49,2,5,0,7,False,False,True,False,True,,,,,,False
CC1=C2C[C@H]3[C@@H](CC=C4C[C@@H](O)CC[C@@]43C)[C@@H]2CC[C@]12O[C@@H]1C[C@H](C)CN[C@H]1[C@H]2C.[4*]CCC(C)C.[4*]CC[4*],0.8309859154929577,510.82700000000034,7.923600000000008,41.49,2,3,3,6,False,False,True,False,True,,,,,,False
CC1=C2C[C@H]3[C@@H](CC=C4C[C@@H](O)CC[C@@]43C)[C@@H]2CC[C@]12O[C@@H]1C[C@H](C)CN[C@H]1[C@H]2C.[4*]CCCCC.[4*]CC[4*],0.8309859154929577,510.8270000000004,8.067700000000007,41.49,2,3,4,6,False,False,True,False,True,,,,,,False
CC1=C2C[C@H]3[C@@H](CC=C4C[C@@H](O)CC[C@@]43C)[C@@H]2CC[C@]12O[C@@H]1C[C@H](C)CN[C@H]1[C@H]2C.[4*]CCCCCCCC,0.8309859154929577,524.8540000000005,8.316400000000007,41.49,2,3,6,6,False,False,True,False,True,,,,,,False
CC1=C2C[C@H]3[C@@H](CC=C4C[C@@H](O)CC[C@@]43C)[C@@H]2CC[C@]12O[C@@H]1C[C@H](C)CN[C@H]1[C@H]2C.[4*]CCCCC.[4*]CCCCC[4*],0.8309859154929577,552.9080000000004,9.238000000000005,41.49,2,3,7,6,False,False,True,False,True,,,,,,False
C[C@]12C(=O)CC=CC1=CC[C@@H]1[C@@H]2CC[C@]2(O)C(=O)O[C@@]3(C)[C@H]4C[C@]5(C)[C@@H](CO[C@@]16O[C@@]32[C@H]5C6=O)C(=O)O4.[13*]C1CCCCNN1,0.8292682926829268,609.6960000000004,1.6969000000000023,149.49,3,11,0,9,False,False,True,True,True,,,,,,False
C[C@]12C(=O)CC=CC1=CC[C@@H]1[C@@H]2CC[C@]2(O)C(=O)O[C@@]3(C)[C@H]4C[C@]5(C)[C@@H](CO[C@@]16O[C@@]32[C@H]5C6=O)C(=O)O4.[1*]C(=O)C[8*].[15*]C1CCCC1.[6*]C([6*])=O,0.8292682926829268,649.7130000000001,3.690100000000002,159.57,1,11,1,9,False,False,True,True,True,,,,,,False
C[C@]12C(=O)CC=CC1=CC[C@@H]1[C@@H]2CC[C@]2(O)C(=O)O[C@@]3(C)[C@H]4C[C@]5(C)[C@@H](CO[C@@]16O[C@@]32[C@H]5C6=O)C(=O)O4.[5*]N1CCCC([15*])C1,0.8292682926829268,593.6730000000001,2.4413,128.67,1,10,0,9,True,False,True,True,True,,,,,,False
C[C@]12C(=O)CC=CC1=CC[C@@H]1[C@@H]2CC[C@]2(O)C(=O)O[C@@]3(C)[C@H]4C[C@]5(C)[C@@H](CO[C@@]16O[C@@]32[C@H]5C6=O)C(=O)O4.[16*]c1cccc(O)c1,0.8292682926829268,603.6440000000005,2.1238,145.66,2,10,0,9,False,False,True,True,True,,,,,,False
C[C@]12C(=O)CC=CC1=CC[C@@H]1[C@@H]2CC[C@]2(O)C(=O)O[C@@]3(C)[C@H]4C[C@]5(C)[C@@H](CO[C@@]16O[C@@]32[C@H]5C6=O)C(=O)O4.[16*]c1ccc(O)cc1.[4*]CC,0.8292682926829268,632.7060000000004,3.0977000000000015,145.66,2,10,0,9,False,False,True,True,True,,,,,,False
C[C@]12C(=O)CC=CC1=CC[C@@H]1[C@@H]2CC[C@]2(O)C(=O)O[C@@]3(C)[C@H]4C[C@]5(C)[C@@H](CO[C@@]16O[C@@]32[C@H]5C6=O)C(=O)O4.[13*]C1CCCC(C)NN1,0.8292682926829268,623.7230000000004,2.0854000000000013,149.49,3,11,0,9,False,False,True,True,True,,,,,,False
C[1*]C(C)=O.C[C@]12C(=O)CC=CC1=CC[C@@H]1[C@@H]2CC[C@]2(O)C(=O)O[C@@]3(C)[C@H]4C[C@]5(C)[C@@H](CO[C@@]16O[C@@]32[C@H]5C6=O)C(=O)O4.[8*]CC(C)C,0.8292682926829268,625.7350000000004,3.833000000000003,142.5,1,10,2,8,False,False,True,True,True,,,,,,False
C[C@]12C(=O)CC=CC1=CC[C@@H]1[C@@H]2CC[C@]2(O)C(=O)O[C@@]3(C)[C@H]4C[C@]5(C)[C@@H](CO[C@@]16O[C@@]32[C@H]5C6=O)C(=O)O4.[1*]C(=O)CC.[8*]CC(C)C,0.8292682926829268,624.7270000000003,3.639300000000002,142.5,1,10,2,8,False,False,True,True,True,,,,,,False
C[C@]12C(=O)CC=CC1=CC[C@@H]1[C@@H]2CC[C@]2(O)C(=O)O[C@@]3(C)[C@H]4C[C@]5(C)[C@@H](CO[C@@]16O[C@@]32[C@H]5C6=O)C(=O)O4.[1*]C(=O)C[4*].[8*]CC[4*]C,0.8292682926829268,595.6650000000003,3.0923000000000007,142.5,1,10,3,8,False,False,True,True,True,,,,,,False
C[C@]12C(=O)CC=CC1=CC[C@@H]1[C@@H]2CC[C@]2(O)C(=O)O[C@@]3(C)[C@H]4C[C@]5(C)[C@@H](CO[C@@]16O[C@@]32[C@H]5C6=O)C(=O)O4.[1*]C(=O)C[4*].[4*]CC[8*]C,0.8292682926829268,595.6650000000003,3.0923000000000007,142.5,1,10,3,8,False,False,True,True,True,,,,,,False
C[C@]12C(=O)CC=CC1=CC[C@@H]1[C@@H]2CC[C@]2(O)C(=O)O[C@@]3(C)[C@H]4C[C@]5(C)[C@@H](CO[C@@]16O[C@@]32[C@H]5C6=O)C(=O)O4.[4*]CC(=O)[1*]C.[4*]CC[8*],0.8292682926829268,595.6650000000003,3.0923000000000007,142.5,1,10,3,8,False,False,True,True,True,,,,,,False
C[C@]12C(=O)CC=CC1=CC[C@@H]1[C@@H]2CC[C@]2(O)C(=O)O[C@@]3(C)[C@H]4C[C@]5(C)[C@@H](CO[C@@]16O[C@@]32[C@H]5C6=O)C(=O)O4.[1*]C(=O)C[4*]C.[4*]CC[8*],0.8292682926829268,595.6650000000003,3.0923000000000007,142.5,1,10,3,8,False,False,True,True,True,,,,,,False
C[6*]C(N)=O.C[C@]12C(=O)CC=CC1=CC[C@@H]1[C@@H]2CC[C@]2(O)C(=O)O[C@@]3(C)[C@H]4C[C@]5(C)[C@@H](CO[C@@]16O[C@@]32[C@H]5C6=O)C(=O)O4.[16*]c1cc([16*])cc([16*])c1,0.8292682926829268,644.6970000000002,0.9656000000000028,168.51999999999998,2,10,1,9,False,False,True,True,True,,,,,,False
C[C@]12C(=O)CC=CC1=CC[C@@H]1[C@@H]2CC[C@]2(O)C(=O)O[C@@]3(C)[C@H]4C[C@]5(C)[C@@H](CO[C@@]16O[C@@]32[C@H]5C6=O)C(=O)O4.[16*]c1ccc([16*])c(C)c1,0.8292682926829268,600.6640000000004,1.9012199999999995,125.42999999999999,1,9,0,9,True,False,True,True,True,,,,,,False
C[C@]12C(=O)CC=CC1=CC[C@@H]1[C@@H]2CC[C@]2(O)C(=O)O[C@@]3(C)[C@H]4C[C@]5(C)[C@@H](CO[C@@]16O[C@@]32[C@H]5C6=O)C(=O)O4.[1*]C(C)=O.[14*]c1ccc([14*])s1C.[3*]O[3*],0.8292682926829268,666.7450000000003,3.143880000000002,151.73,1,12,0,9,False,False,True,True,True,,,,,,False
C[C@]12C(=O)CC=CC1=CC[C@@H]1[C@@H]2CC[C@]2(O)C(=O)O[C@@]3(C)[C@H]4C[C@]5(C)[C@@H](CO[C@@]16O[C@@]32[C@H]5C6=O)C(=O)O4.[1*]C(=O)C(C)C.[15*]C1CC1C,0.8292682926829268,636.7380000000003,3.639300000000002,142.5,1,10,1,9,False,False,True,True,True,,,,,,False
C[1*]C(=O)C(C)C.C[C@]12C(=O)CC=CC1=CC[C@@H]1[C@@H]2CC[C@]2(O)C(=O)O[C@@]3(C)[C@H]4C[C@]5(C)[C@@H](CO[C@@]16O[C@@]32[C@H]5C6=O)C(=O)O4.[15*]C1CC1,0.8292682926829268,637.7460000000003,3.9771000000000027,142.5,1,10,2,9,False,False,True,True,True,,,,,,False
C[C@]12C(=O)CC=CC1=CC[C@@H]1[C@@H]2CC[C@]2(O)C(=O)O[C@@]3(C)[C@H]4C[C@]5(C)[C@@H](CO[C@@]16O[C@@]32[C@H]5C6=O)C(=O)O4.[4*]C([4*]C)C(Cl)(Cl)Cl,0.8292682926829268,656.9630000000003,4.342000000000003,125.42999999999999,1,9,1,8,True,False,True,True,True,,,,,,False
C[C@]12C(=O)CC=CC1=CC[C@@H]1[C@@H]2CC[C@]2(O)C(=O)O[C@@]3(C)[C@H]4C[C@]5(C)[C@@H](CO[C@@]16O[C@@]32[C@H]5C6=O)C(=O)O4.[1*]C(=O)C[8*].[15*]C1(C)CCCC1.[6*]C([6*])=O,0.8292682926829268,663.74,4.080200000000003,159.57,1,11,1,9,False,False,True,True,True,,,,,,False
C[C@]12C(=O)CC=CC1=CC[C@@H]1[C@@H]2CC[C@]2(O)C(=O)O[C@@]3(C)[C@H]4C[C@]5(C)[C@@H](CO[C@@]16O[C@@]32[C@H]5C6=O)C(=O)O4.[5*]N1CCCC([15*])(C)C1,0.8292682926829268,607.7,2.8314000000000004,128.67,1,10,0,9,True,False,True,True,True,,,,,,False
C[C@]12C(=O)CC=CC1=CC[C@@H]1[C@@H]2CC[C@]2(O)C(=O)O[C@@]3(C)[C@H]4C[C@]5(C)[C@@H](CO[C@@]16O[C@@]32[C@H]5C6=O)C(=O)O4.[1*]C(=O)C[4*].[4*]C(C)C.[6*]C(N)=O,0.8292682926829268,639.6980000000003,2.5653000000000006,185.58999999999997,2,11,1,8,False,False,True,True,True,,,,,,False
C[C@]12C(=O)CC=CC1=CC[C@@H]1[C@@H]2CC[C@]2(O)C(=O)O[C@@]3(C)[C@H]4C[C@]5(C)[C@@H](CO[C@@]16O[C@@]32[C@H]5C6=O)C(=O)O4.[1*]C(=O)C[4*].[4*]CCC.[6*]C(N)=O,0.8292682926829268,639.6980000000003,2.5653000000000006,185.58999999999997,2,11,2,8,False,False,True,True,True,,,,,,False
CC1=C2C[C@H]3[C@@H](CC=C4C[C@@H](O)CC[C@@]43C)[C@@H]2CC[C@]12O[C@@H]1C[C@H](C)CN[C@H]1[C@H]2C.[1*]C(=O)C[4*]C,0.8194444444444444,468.7020000000003,5.615600000000005,58.56,2,4,2,6,False,False,True,False,True,,,,,,True
CC1=C2C[C@H]3[C@@H](CC=C4C[C@@H](O)CC[C@@]43C)[C@@H]2CC[C@]12O[C@@H]1C[C@H](C)CN[C@H]1[C@H]2C.[1*]C(=O)C[8*]C,0.8194444444444444,468.7020000000003,5.615600000000005,58.56,2,4,2,6,False,False,True,False,True,,,,,,True
CC1=C2C[C@H]3[C@@H](CC=C4C[C@@H](O)CC[C@@]43C)[C@@H]2CC[C@]12O[C@@H]1C[C@H](C)CN[C@H]1[C@H]2C.[15*]C1CN([5*]C)C1,0.8194444444444444,481.7450000000003,5.689800000000006,44.730000000000004,2,4,1,7,False,False,True,False,True,,,,,,True
CC1=C2C[C@H]3[C@@H](CC=C4C[C@@H](O)CC[C@@]43C)[C@@H]2CC[C@]12O[C@@H]1C[C@H](C)CN[C@H]1[C@H]2C.[5*]N1CC([15*]C)C1,0.8194444444444444,481.7450000000003,5.689800000000006,44.730000000000004,2,4,1,7,False,False,True,False,True,,,,,,True
CC1=C2C[C@H]3[C@@H](CC=C4C[C@@H](O)CC[C@@]43C)[C@@H]2CC[C@]12O[C@@H]1C[C@H](C)CN[C@H]1[C@H]2C.[15*][C@H]1CN[C@H]([13*]C)C1,0.8194444444444444,495.7720000000003,5.778600000000005,53.52,3,4,1,7,False,False,True,False,True,,,,,,True
CC1=C2C[C@H]3[C@@H](CC=C4C[C@@H](O)CC[C@@]43C)[C@@H]2CC[C@]12O[C@@H]1C[C@H](C)CN[C@H]1[C@H]2C.[13*][C@@H]1C[C@@H]([15*]C)CN1,0.8194444444444444,495.7720000000003,5.778600000000005,53.52,3,4,1,7,False,False,True,False,True,,,,,,True
CC1=C2C[C@H]3[C@@H](CC=C4C[C@@H](O)CC[C@@]43C)[C@@H]2CC[C@]12O[C@@H]1C[C@H](C)CN[C@H]1[C@H]2C.[13*][C@@H]1C[C@@H]([15*])CN1C,0.8194444444444444,494.7640000000003,5.537000000000005,44.730000000000004,2,4,0,7,False,False,True,False,True,,,,,,True
CC1=C2C[C@H]3[C@@H](CC=C4C[C@@H](O)CC[C@@]43C)[C@@H]2CC[C@]12O[C@@H]1C[C@H](C)CN[C@H]1[C@H]2C.[13*]C1CCCCNN1,0.8194444444444444,510.7870000000004,5.141800000000005,65.55,4,5,0,7,False,False,True,False,True,,,,,,False
CC1=C2C[C@H]3[C@@H](CC=C4C[C@@H](O)CC[C@@]43C)[C@@H]2CC[C@]12O[C@@H]1C[C@H](C)CN[C@H]1[C@H]2C.[1*]C([6*])=O.[11*]S[11*].[16*]c1ccc([16*])cc1,0.8194444444444444,547.8050000000004,5.890900000000005,58.56,2,5,0,7,False,False,True,False,True,,,,,,False
CC1=C2C[C@H]3[C@@H](CC=C4C[C@@H](O)CC[C@@]43C)[C@@H]2CC[C@]12O[C@@H]1C[C@H](C)CN[C@H]1[C@H]2C.[11*]S[11*].[16*]c1cccc([16*])c1,0.8194444444444444,519.7950000000003,5.6859000000000055,41.49,2,4,0,7,False,False,True,False,True,,,,,,False
CC1=C2C[C@H]3[C@@H](CC=C4C[C@@H](O)CC[C@@]43C)[C@@H]2CC[C@]12O[C@@H]1C[C@H](C)CN[C@H]1[C@H]2C.[1*]C(=O)C[4*].[16*]c1cc([16*])cc([16*])c1,0.8194444444444444,528.7570000000003,4.242200000000003,58.56,2,4,1,7,True,False,True,False,True,,,,,,False
CC1=C2C[C@H]3[C@@H](CC=C4C[C@@H](O)CC[C@@]43C)[C@@H]2CC[C@]12O[C@@H]1C[C@H](C)CN[C@H]1[C@H]2C.[15*]C1CC1C.[16*]c1ccccc1,0.8194444444444444,543.8360000000002,7.227100000000008,41.49,2,3,0,8,False,False,True,False,True,,,,,,False
CC1=C2C[C@H]3[C@@H](CC=C4C[C@@H](O)CC[C@@]43C)[C@@H]2CC[C@]12O[C@@H]1C[C@H](C)CN[C@H]1[C@H]2C.[16*]c1cc(O)ccc1C,0.8194444444444444,518.7620000000003,5.877120000000007,61.72,3,4,0,7,False,False,True,False,True,,,,,,False
CC1=C2C[C@H]3[C@@H](CC=C4C[C@@H](O)CC[C@@]43C)[C@@H]2CC[C@]12O[C@@H]1C[C@H](C)CN[C@H]1[C@H]2C.[16*]c1cc(C)cc(O)c1,0.8194444444444444,518.7620000000003,5.877120000000007,61.72,3,4,0,7,False,False,True,False,True,,,,,,False
CC1=C2C[C@H]3[C@@H](CC=C4C[C@@H](O)CC[C@@]43C)[C@@H]2CC[C@]12O[C@@H]1C[C@H](C)CN[C@H]1[C@H]2C.[4*]C(C)C(C)C.[4*]C([4*])C(Cl)(Cl)Cl,0.8194444444444444,614.1620000000001,9.203200000000002,41.49,2,3,1,6,False,False,True,False,True,,,,,,False
CC1=C2C[C@H]3[C@@H](CC=C4C[C@@H](O)CC[C@@]43C)[C@@H]2CC[C@]12O[C@@H]1C[C@H](C)CN[C@H]1[C@H]2C.[13*]C1(C)CCCCNN1,0.8194444444444444,524.8140000000004,5.531900000000006,65.55,4,5,0,7,False,False,True,False,True,,,,,,False
CC1=C2C[C@H]3[C@@H](CC=C4C[C@@H](O)CC[C@@]43C)[C@@H]2CC[C@]12O[C@@H]1C[C@H](C)CN[C@H]1[C@H]2C.[13*]C1CCCC(C)NN1,0.8194444444444444,524.8140000000004,5.530300000000006,65.55,4,5,0,7,False,False,True,False,True,,,,,,False
CC1=C2C[C@H]3[C@@H](CC=C4C[C@@H](O)CC[C@@]43C)[C@@H]2CC[C@]12O[C@@H]1C[C@H](C)CN[C@H]1[C@H]2C.[16*]c1cc([16*])cc([16*]C)c1,0.8194444444444444,501.75500000000034,4.7961000000000045,41.49,2,3,1,7,True,False,True,False,True,,,,,,False
CC1=C2C[C@H]3[C@@H](CC=C4C[C@@H](O)CC[C@@]43C)[C@@H]2CC[C@]12O[C@@H]1C[C@H](C)CN[C@H]1[C@H]2C.[16*]c1ccc(O)cc1C,0.8194444444444444,518.7620000000004,5.877120000000005,61.72,3,4,0,7,False,False,True,False,True,,,,,,False
CC1=C2C[C@H]3[C@@H](CC=C4C[C@@H](O)CC[C@@]43C)[C@@H]2CC[C@]12O[C@@H]1C[C@H](C)CN[C@H]1[C@H]2C.[16*]c1ccc(OC)cc1,0.8194444444444444,518.7620000000004,5.871700000000006,50.72,2,4,1,7,False,False,True,False,True,,,,,,False
CC1=C2C[C@H]3[C@@H](CC=C4C[C@@H](O)CC[C@@]43C)[C@@H]2CC[C@]12O[C@@H]1C[C@H](C)CN[C@H]1[C@H]2C.C[4*]CCCCCCC,0.8194444444444444,525.8620000000004,8.510100000000007,41.49,2,3,6,6,False,False,True,False,True,,,,,,False
C[C@]12C(=O)CC=CC1=CC[C@@H]1[C@@H]2CC[C@]2(O)C(=O)O[C@@]3(C)[C@H]4C[C@]5(C)[C@@H](CO[C@@]16O[C@@]32[C@H]5C6=O)C(=O)O4.[1*]C(C)=O.[14*]c1ccc([14*])s1.[3*]O[3*],0.8192771084337349,651.7100000000004,1.6681000000000004,151.73,1,12,0,9,False,False,True,True,True,,,,,,False
C[C@]12C(=O)CC=CC1=CC[C@@H]1[C@@H]2CC[C@]2(O)C(=O)O[C@@]3(C)[C@H]4C[C@]5(C)[C@@H](CO[C@@]16O[C@@]32[C@H]5C6=O)C(=O)O4.[16*]c1cccnc1,0.8192771084337349,588.6330000000004,1.8131999999999997,138.32,1,10,0,9,True,False,True,True,True,,,,,,False
C[C@]12C(=O)CC=CC1=CC[C@@H]1[C@@H]2CC[C@]2(O)C(=O)O[C@@]3(C)[C@H]4C[C@]5(C)[C@@H](CO[C@@]16O[C@@]32[C@H]5C6=O)C(=O)O4.[3*]OC.[5*]N1CCOCC1,0.8192771084337349,627.6870000000005,1.437000000000001,147.13,1,12,0,9,False,False,True,True,True,,,,,,False
C[C@]12C(=O)CC=CC1=CC[C@@H]1[C@@H]2CC[C@]2(O)C(=O)O[C@@]3(C)[C@H]4C[C@]5(C)[C@@H](CO[C@@]16O[C@@]32[C@H]5C6=O)C(=O)O4.[16*]c1cccc(C)c1.[16*]c1cccc([16*])c1,0.8192771084337349,677.7700000000003,2.7624200000000014,125.42999999999999,1,9,0,10,True,False,True,True,True,,,,,,False
C[C@]12C(=O)CC=CC1=CC[C@@H]1[C@@H]2CC[C@]2(O)C(=O)O[C@@]3(C)[C@H]4C[C@]5(C)[C@@H](CO[C@@]16O[C@@]32[C@H]5C6=O)C(=O)O4.[4*]CC.[5*]N1CCC([15*])CC1,0.8192771084337349,622.7350000000004,3.4152000000000022,128.67,1,10,0,9,True,False,True,True,True,,,,,,False
C[C@]12C(=O)CC=CC1=CC[C@@H]1[C@@H]2CC[C@]2(O)C(=O)O[C@@]3(C)[C@H]4C[C@]5(C)[C@@H](CO[C@@]16O[C@@]32[C@H]5C6=O)C(=O)O4.[1*]C(=O)C[8*].[5*]NC(=S)C[7*],0.8192771084337349,625.6960000000003,1.9222,154.53,2,11,2,8,False,False,True,True,True,,,,,,False
C[C@]12C(=O)CC=CC1=CC[C@@H]1[C@@H]2CC[C@]2(O)C(=O)O[C@@]3(C)[C@H]4C[C@]5(C)[C@@H](CO[C@@]16O[C@@]32[C@H]5C6=O)C(=O)O4.[13*]C1(C)CCCCNN1,0.8192771084337349,623.7230000000004,2.087000000000002,149.49,3,11,0,9,False,False,True,True,True,,,,,,False
